{
  "name": "MIX USE_SNR",
  "description": "",
  "version": "1.0.0",
  "camera": {
    "eye": [
      181884.80148938517,
      248841.8189785505,
      1351707.2173228415
    ],
    "target": [
      181884.80148938517,
      248841.8189785505,
      1210887.7484240897
    ],
    "up": [
      0.0,
      1.0,
      0.0
    ],
    "perspective": false,
    "fov": 35.0
  },
  "shadow_info": {
    "DisplayShadows": false,
    "DisplaySun": null,
    "Dark": 45,
    "Light": 80,
    "UseSunForAllShading": false,
    "TZOffset": -7.0,
    "Latitude": 40.018309,
    "Longitude": -105.242139,
    "ShadowTime": 1794144600
  },
  "axes": {
    "origin": [
      0.0,
      0.0,
      0.0
    ],
    "xaxis": [
      1.0,
      0.0,
      0.0
    ],
    "yaxis": [
      0.0,
      1.0,
      0.0
    ],
    "zaxis": [
      0.0,
      0.0,
      1.0
    ]
  }
}