{
  "name": "view 1",
  "description": "",
  "version": "1.0.0",
  "camera": {
    "eye": [
      269573.6881037727,
      -1653819.1548517304,
      1830842.10844975
    ],
    "target": [
      227602.66191752534,
      -60213.49525005211,
      285509.83741274616
    ],
    "up": [
      -0.018324972523227834,
      0.6957842725949372,
      0.7180170202659246
    ],
    "perspective": false,
    "fov": 35.0
  },
  "shadow_info": {
    "DisplayShadows": false,
    "DisplaySun": null,
    "Dark": 45,
    "Light": 80,
    "UseSunForAllShading": false,
    "TZOffset": -7.0,
    "Latitude": 40.018309,
    "Longitude": -105.242139,
    "ShadowTime": 1794144600
  },
  "axes": {
    "origin": [
      0.0,
      0.0,
      0.0
    ],
    "xaxis": [
      1.0,
      0.0,
      0.0
    ],
    "yaxis": [
      0.0,
      1.0,
      0.0
    ],
    "zaxis": [
      0.0,
      0.0,
      1.0
    ]
  }
}